{
  "hash": "b8088f41",
  "configHash": "eb79c953",
  "lockfileHash": "956c8775",
  "browserHash": "7fc2b15e",
  "optimized": {
    "@angular/common": {
      "src": "../../../../../../node_modules/@angular/common/fesm2022/common.mjs",
      "file": "@angular_common.js",
      "fileHash": "cfe6b393",
      "needsInterop": false
    },
    "@angular/core": {
      "src": "../../../../../../node_modules/@angular/core/fesm2022/core.mjs",
      "file": "@angular_core.js",
      "fileHash": "28c18f50",
      "needsInterop": false
    },
    "@angular/forms": {
      "src": "../../../../../../node_modules/@angular/forms/fesm2022/forms.mjs",
      "file": "@angular_forms.js",
      "fileHash": "a28fe048",
      "needsInterop": false
    },
    "@angular/platform-browser": {
      "src": "../../../../../../node_modules/@angular/platform-browser/fesm2022/platform-browser.mjs",
      "file": "@angular_platform-browser.js",
      "fileHash": "ca544e8b",
      "needsInterop": false
    },
    "@angular/platform-browser/animations/async": {
      "src": "../../../../../../node_modules/@angular/platform-browser/fesm2022/animations/async.mjs",
      "file": "@angular_platform-browser_animations_async.js",
      "fileHash": "460f8867",
      "needsInterop": false
    },
    "@angular/router": {
      "src": "../../../../../../node_modules/@angular/router/fesm2022/router.mjs",
      "file": "@angular_router.js",
      "fileHash": "b3cf4573",
      "needsInterop": false
    }
  },
  "chunks": {
    "chunk-ZFDWZHPA": {
      "file": "chunk-ZFDWZHPA.js"
    },
    "browser-LCDLCVME": {
      "file": "browser-LCDLCVME.js"
    },
    "chunk-H7CEYIRM": {
      "file": "chunk-H7CEYIRM.js"
    },
    "chunk-N243NQOM": {
      "file": "chunk-N243NQOM.js"
    }
  }
}